<?xml version="1.0" encoding="UTF-8"?>
<metadata xml:lang="en"><Esri><CreaDate>20160518</CreaDate><CreaTime>14415200</CreaTime><ArcGISFormat>1.0</ArcGISFormat><SyncOnce>TRUE</SyncOnce><DataProperties><itemProps><itemLocation><linkage Sync="TRUE">file://\\apollo.fewsnet.local\Mapfiles\Verified Shapefiles\MW\LHZ1_Template</linkage><protocol Sync="TRUE">Local Area Network</protocol></itemLocation></itemProps><copyHistory><copy source="M:\Verified Shapefiles\LHZ1_Template" dest="\\apollo.fewsnet.local\Mapfiles\Verified Shapefiles\MW\LHZ1_Template" date="20160518" time="14415200"></copy></copyHistory><lineage><Process ToolSource="c:\program files (x86)\arcgis\desktop10.4\ArcToolbox\Toolboxes\Data Management Tools.tbx\CalculateField" Date="20160518" Time="144443">CalculateField MW_LHZ_2009 LZNUM !LZCODE![-2:] PYTHON_9.3 #</Process><Process ToolSource="c:\program files (x86)\arcgis\desktop10.4\ArcToolbox\Toolboxes\Data Management Tools.tbx\CalculateField" Date="20160518" Time="144450">CalculateField MW_LHZ_2009 EFF_YEAR 2009 PYTHON_9.3 #</Process><Process ToolSource="c:\program files (x86)\arcgis\desktop10.4\ArcToolbox\Toolboxes\Data Management Tools.tbx\CalculateField" Date="20160518" Time="144629">CalculateField MW_LHZ_2009 FNID FNID(!LZNUM!,!COUNTRY!,!EFF_YEAR!) PYTHON_9.3 "def FNID(LZNUM,COUNTRY,EFF_YEAR):\n	if LZNUM&lt;10:\n		return(COUNTRY+str(EFF_YEAR)+"L10"+str(LZNUM))\n	else:\n		return(COUNTRY+str(EFF_YEAR)+"L1"+str(LZNUM))"</Process><Process ToolSource="c:\program files (x86)\arcgis\desktop10.4\ArcToolbox\Toolboxes\Data Management Tools.tbx\CalculateField" Date="20160518" Time="144636">CalculateField MW_LHZ_2009 FNID FNID(!LZNUM!,!COUNTRY!,!EFF_YEAR!) PYTHON_9.3 "def FNID(LZNUM,COUNTRY,EFF_YEAR):\n	if LZNUM&lt;10:\n		return(COUNTRY+str(EFF_YEAR)+"L10"+str(LZNUM))\n	else:\n		return(COUNTRY+str(EFF_YEAR)+"L1"+str(LZNUM))"</Process></lineage></DataProperties></Esri></metadata>
